id;type_document;nom_fichier;emplacement;id_dossier_signed;has_signed;date_creation;date_update
1;invoice infomediaries;target Fantastic Universal;Mountain;viral hacking parse;true;2021-02-08;2021-02-08
2;navigate Maine hacking;Automotive azure Auto Loan Account;hacking Aruban Guilder grey;pricing structure;false;2021-02-08;2021-02-09
3;Down-sized fault-tolerant Rustic;program teal Distributed;Human Multi-tiered;payment sensor maximize;true;2021-02-08;2021-02-09
4;clear-thinking copy;Steel back up envisioneer;bi-directional;Response Games Generic Fresh Cheese;true;2021-02-09;2021-02-09
5;turn-key Cambridgeshire orchid;Metal Guyana;bricks-and-clicks turquoise Gorgeous Soft Tuna;Buckinghamshire;false;2021-02-08;2021-02-09
6;COM indigo;Customer;Checking Account Chief;payment Checking Account;false;2021-02-09;2021-02-09
7;Mozambique;mesh;initiative;Engineer Product hacking;true;2021-02-09;2021-02-09
8;Israel;Berkshire Tugrik;Awesome Concrete Bike;Fantastic calculate Persevering;false;2021-02-08;2021-02-09
9;Senior Concrete internet solution;benchmark;Fords;payment;false;2021-02-08;2021-02-08
10;green Accounts;XSS;Soap;Harbors;false;2021-02-09;2021-02-08
