id;civility;first_name;last_name;email;native_country;birthday;client_abt;rib;nationality;second_nationality;nbrkids;marital_status;phone;american_index;account_number;cin;abroad_residancy_proof;abroad_residancy_number;cin_delivery_date;abroad_residancy_delivery_date;abroad_residancy_expiration_date
1;MONSIEUR;Tomas;Kreiger;Nichole_Schaefer54@gmail.com;Corporate efficient Buckinghamshire;2020-12-28;false;Lead microchip;Central value-added;SMTP Jewelery;61920;generate Money Market Account Global;1-325-518-5517;true;mobile;Jewelery Tasty Mali;Progressive;Granite Malagasy Ariary;2020-12-28T19:05:29;2020-12-29T01:59:01;2020-12-29T00:05:30
2;MONSIEUR;Estefania;Hegmann;Aditya_Smitham@hotmail.com;Marketing;2020-12-28;false;Sleek panel;hack;Buckinghamshire syndicate Ergonomic Granite Ball;29299;Home Loan Account Place;1-648-924-4740;false;whiteboard Tasty Granite Keyboard seamless;even-keeled parsing;Checking Account SDD;orchid;2020-12-29T04:13:00;2020-12-29T05:31:46;2020-12-29T12:11:23
3;MADAME;Dusty;Hettinger;Carmelo_Cronin@gmail.com;support Hills Berkshire;2020-12-29;true;Small Borders;hacking bandwidth-monitored transmit;Bedfordshire integrate black;21268;Personal Loan Account withdrawal Views;1-237-172-7331 x55096;true;salmon e-services Visionary;Comoro Franc virtual;Iceland multi-byte Senior;Research B2B Kenyan Shilling;2020-12-28T18:13:48;2020-12-29T02:02:29;2020-12-29T12:07:52
4;MONSIEUR;Julie;Hilpert;Justice_Ankunding84@gmail.com;Fantastic Facilitator Tools;2020-12-28;false;back up wireless wireless;synthesize portal transmitter;compressing Granite invoice;69229;cross-platform maroon Producer;(915) 470-6983 x6721;false;SMTP IB;payment synergize;Buckinghamshire SQL;wireless infomediaries RAM;2020-12-28T16:48:29;2020-12-29T11:17:09;2020-12-29T10:04:31
5;MADAME;Verner;McDermott;Caleb_Stanton@gmail.com;bypass hacking;2020-12-29;false;bi-directional Rubber;e-tailers;Wooden Accounts Home Loan Account;14648;Dynamic 24/7;(583) 065-3805;false;Branding;e-services Frozen;Fantastic Metal Sausages vortals;Myanmar hacking infrastructure;2020-12-28T19:13:29;2020-12-29T13:16:15;2020-12-29T03:22:07
6;MONSIEUR;Braeden;Erdman;Caden6@hotmail.com;Facilitator Mobility Ergonomic Frozen Bike;2020-12-29;false;olive;driver capacitor;Missouri microchip Home;42590;invoice;1-227-036-5324;true;payment visualize brand;hack;silver;dynamic;2020-12-28T16:55:10;2020-12-28T15:10:39;2020-12-28T21:46:04
7;MONSIEUR;Luna;Kunze;Lavinia.Gislason45@gmail.com;Quality overriding Trace;2020-12-29;false;Kansas convergence Fresh;bypassing European Monetary Unit (E.M.U.-6);bluetooth Massachusetts;77243;compressing;485.260.7813 x3736;false;full-range Frozen;Refined Program;Massachusetts redundant;content;2020-12-28T20:40:58;2020-12-28T19:39:00;2020-12-28T15:57:14
8;MONSIEUR;Colby;Erdman;Virgie.Boyer17@hotmail.com;wireless RSS Practical;2020-12-28;false;indexing Operative;models;Rustic Soft Table Liaison Optimization;91589;Fresh systems;644.223.7960 x519;true;Naira Bedfordshire;Persistent Tools navigate;back-end Personal Loan Account;Assurance users Fiji Dollar;2020-12-28T18:31:18;2020-12-29T07:35:36;2020-12-28T23:32:11
9;MONSIEUR;Nola;Hettinger;Breana_Hauck@gmail.com;Corporate Netherlands Antillian Guilder Maryland;2020-12-29;true;Tools Cliff;Bond Markets Units European Composite Unit (EURCO);Agent;51036;Assurance Isle of Man;384-988-7634;true;Rand Legacy Investment Account;bluetooth;synthesize bleeding-edge Roads;withdrawal;2020-12-29T12:52:48;2020-12-28T23:25:11;2020-12-28T17:01:49
10;MADAME;Eloise;Flatley;Retha_Dach54@hotmail.com;Handcrafted Plastic Pants;2020-12-29;false;Lead Face to face Berkshire;National Direct capacity;interactive;2877;Extensions Assistant Human;(187) 862-9486;false;Intelligent payment back-end;Concrete next-generation;capability multi-byte coherent;dedicated;2020-12-29T02:28:35;2020-12-29T05:24:39;2020-12-28T22:31:21
