id;jhi_type;num;delivery_date;experation_date;illimited_experation_date;residency_recto;residency_verso
1;Pound Sterling Reduced Investor;SSL Global Valley;2020-12-29;2020-12-28;true;multi-byte Handcrafted Manor;Product synergistic AGP
2;plum;reboot USB;2020-12-29;2020-12-29;true;facilitate GB firewall;Group payment
3;ROI Investor Cotton;invoice invoice Brunei Dollar;2020-12-28;2020-12-29;false;Sausages feed invoice;Guinea Franc Cordoba Oro
4;attitude;unleash driver Industrial;2020-12-28;2020-12-28;true;Fort bleeding-edge;Rubber
5;payment;Corporate Junction Outdoors;2020-12-29;2020-12-28;false;Berkshire;JBOD lavender attitude-oriented
6;plum;override;2020-12-29;2020-12-29;true;Directives solid state;Fresh Movies Operations
7;quantify;EXE channels;2020-12-28;2020-12-29;true;solid state;microchip reboot
8;Configurable Alabama;Forward;2020-12-28;2020-12-29;true;Comoros;Michigan
9;North Carolina West Virginia;transmitting flexibility Dynamic;2020-12-28;2020-12-29;true;Home Loan Account experiences;navigating bricks-and-clicks 1080p
10;New Mexico disintermediate;olive;2020-12-29;2020-12-29;true;calculating Infrastructure;Product Meadows
